,Unnamed: 0.1,Unnamed: 0,id,latitude,longitude,time,edge,speed,traj_future,angle,time1
0,0,48,0,11148.0,27536.0,0.0,414404145,0.9440000000000002,414504146.0,0.0,9-10
1,1,98,0,11111.562247535358,27564.425744729244,60.0,414504146,0.944,414504146.0,142.04156767644875,9-10
2,2,148,0,11053.45880441606,27574.672202540736,120.0,414504146,0.944,414504146.0,169.99880156668078,9-10
3,3,198,0,10995.355361296764,27584.918660352232,180.0,414504146,0.944,414504146.0,169.9988015666767,9-10
4,4,248,0,10937.251918177468,27595.165118163724,240.0,414504146,0.944,414504146.0,169.99880156668047,9-10
5,5,298,0,10879.148475058171,27605.41157597522,300.0,414504146,0.944,414504146.0,169.99880156667697,9-10
6,6,348,0,10821.045031938876,27615.65803378672,360.0,414504146,0.944,414504146.0,169.9988015666732,9-10
7,7,398,0,10762.94158881958,27625.90449159821,420.0,414504146,0.944,414504146.0,169.99880156668394,9-10
8,8,448,0,10704.838145700283,27636.1509494097,480.0,414504146,0.944,414604387.0,169.99880156668047,9-10
9,9,498,0,10671.510892879973,27687.08714303978,540.0,414604387,2.144,414604387.0,123.19648852422213,9-10
10,10,548,0,10688.131547314926,27820.05237851941,600.0,414604387,2.144,438704457.0,82.8749836510984,9-10
11,11,598,0,10709.154958724925,27952.37021064728,660.0,438704457,2.144,391804458.0,80.97198492549255,9-10
12,12,648,0,10767.2117954093,28071.27099969869,720.0,391804458,2.144,391804458.0,63.9746841626155,9-10
13,13,698,0,10844.109499920458,28181.01043217815,780.0,391804458,2.144,391804458.0,54.97992114574362,9-10
14,14,748,0,10921.007204431617,28290.749864657617,840.0,391804458,2.144,441804459.0,54.979921145744505,9-10
15,15,798,0,10999.563600430398,28399.29573152368,900.0,441804459,2.144,441804459.0,54.10613362410175,9-10
16,16,848,0,11080.19378674074,28506.32270501896,960.0,441804459,2.144,388804418.0,53.00697407769741,9-10
17,17,898,0,11160.899266255075,28613.29271248513,1020.0,388804418,2.144,388804418.0,52.96660409714984,9-10
18,18,948,0,11241.968610327316,28719.987423936527,1080.0,388804418,2.144,388803889.0,52.771510363379164,9-10
19,19,998,0,11323.209462674376,28823.648050193464,1140.0,388803889,1.424,388803889.0,51.91350939534569,9-10
20,20,1048,0,11411.101365360018,28809.647570119643,1200.0,388803889,1.424,388803889.0,-9.050721677184729,9-10
21,21,1097,0,11498.99326804566,28795.647090045823,1260.0,388803889,1.424,388803889.0,-9.050721677184729,9-10
22,22,1147,0,11586.885170731304,28781.64660997201,1320.0,388803889,1.424,388903890.0,-9.050721677179919,9-10
23,23,1197,0,11674.353779652163,28765.77251695176,1380.0,388903890,1.424,388903890.0,-10.286272831947365,9-10
24,24,1247,0,11759.727992039336,28740.6280571391,1440.0,388903890,1.424,408004438.0,-16.410784596878596,9-10
25,25,1297,0,11841.73432803471,28712.405734314747,1500.0,408004438,0.944,408004438.0,-18.9908031456025,9-10
26,26,1347,0,11874.52467096386,28663.35684634989,1560.0,408004438,0.944,408004438.0,-56.236334852956674,9-10
27,27,1397,0,11907.31501389301,28614.30795838504,1620.0,408004438,0.944,408004438.0,-56.23633485294931,9-10
28,28,1446,0,11940.10535682216,28565.259070420187,1680.0,408004438,0.944,408004438.0,-56.236334852954705,9-10
29,29,1495,0,11972.89569975131,28516.21018245533,1740.0,408004438,0.944,408004438.0,-56.2363348529552,9-10
30,30,1545,0,12005.68604268046,28467.16129449048,1800.0,408004438,0.944,408004438.0,-56.23633485295078,9-10
31,31,1595,0,12038.47638560961,28418.112406525623,1860.0,408004438,0.944,408004438.0,-56.2363348529552,9-10
32,32,1645,0,12071.26672853876,28369.06351856077,1920.0,408004438,0.944,408004440.0,-56.23633485295274,9-10
33,33,1695,0,12110.358071550196,28325.144255145704,1980.0,408004440,0.944,408104082.0,-48.328589043814105,9-10
34,34,1745,0,12142.005699006328,28279.161917494726,2040.0,408104082,0.944,408104082.0,-55.46206765186723,9-10
35,35,1795,0,12187.330754502573,28241.391037914524,2100.0,408104082,0.944,408104082.0,-39.80557109226407,9-10
36,36,1845,0,12232.655809998818,28203.62015833432,2160.0,408104082,0.944,408104082.0,-39.80557109226407,9-10
37,37,1895,0,12277.980865495065,28165.849278754114,2220.0,408104082,0.944,408104082.0,-39.80557109226565,9-10
38,38,1945,0,12323.305920991308,28128.078399173908,2280.0,408104082,0.944,408104082.0,-39.80557109226791,9-10
39,39,1993,0,12368.630976487551,28090.307519593705,2340.0,408104082,0.944,397804082.0,-39.80557109226519,9-10
40,40,2042,0,12403.835703507506,28044.96578844817,2400.0,397804082,0.9440000000000002,397804082.0,-52.173126195079846,9-10
41,41,2092,0,12427.27186084866,27990.820183556545,2460.0,397804082,0.9440000000000002,397804082.0,-66.59531044896612,9-10
42,42,2142,0,12450.708018189816,27936.67457866491,2520.0,397804082,0.9440000000000002,384403978.0,-66.59531044896568,9-10
43,43,2192,0,12474.451631385944,27882.663103839044,2580.0,384403978,0.944,384403978.0,-66.26955921642408,9-10
44,44,2242,0,12498.199123377282,27828.653321168484,2640.0,384403978,0.944,384403978.0,-66.26544963290411,9-10
45,45,2292,0,12521.94661536862,27774.64353849792,2700.0,384403978,0.944,384403978.0,-66.26544963290553,9-10
46,46,2342,0,12545.694107359956,27720.63375582736,2760.0,384403978,0.944,384404645.0,-66.26544963290733,9-10
47,47,2391,0,12570.792434601151,27667.310693942207,2820.0,384404645,0.944,384404645.0,-64.79437104782056,9-10
48,48,2441,0,12600.435059109,27616.29780525428,2880.0,384404645,0.944,464204645.0,-59.839939161913826,9-10
49,49,2490,0,12630.41690216315,27565.483977599684,2940.0,464204645,0.944,464204645.0,-59.45798604106323,9-10
50,50,2540,0,12660.495243190951,27514.72677711527,3000.0,464204645,0.944,385304642.0,-59.349332042946905,9-10
51,51,2590,0,12690.880750947532,27464.15354191277,3060.0,385304642,0.944,385304084.0,-59.001629582361964,9-10
52,52,2639,0,12720.28345092563,27413.003960880145,3120.0,385304084,0.944,398904084.0,-60.10809352288822,9-10
53,53,2689,0,12761.896287102383,27374.687991834428,3180.0,398904084,0.944,398904084.0,-42.63802856940836,9-10
54,54,2739,0,12814.390764131118,27347.756042750123,3240.0,398904084,0.944,398904085.0,-27.159795692293986,9-10
55,55,2789,0,12866.783161859848,27320.627793073865,3300.0,398904085,0.944,398904085.0,-27.37466062049694,9-10
56,56,2839,0,12918.97802875633,27293.11968754734,3360.0,398904085,0.944,408504086.0,-27.790442479453347,9-10
57,57,2889,0,12976.4442916547,27301.435867601213,3420.0,408504086,0.944,408504086.0,8.234344532280158,9-10
58,58,2939,0,13034.350665176404,27312.7430292948,3480.0,408504086,0.944,408604423.0,11.048905671656044,9-10
59,59,2988,0,13092.234716619358,27323.8838271278,3540.0,408604423,0.944,408604423.0,10.894355754824117,9-10
60,60,3037,0,13145.112311831295,27297.7120880835,3600.0,408604423,0.944,442304427.0,-26.33308572578722,5-6
61,61,3086,0,13193.164130644083,27279.679201392617,3660.0,442304427,0.624,442304427.0,-20.570108993783666,5-6
62,62,3136,0,13209.535453392142,27315.076655983008,3720.0,442304427,0.624,442304427.0,65.17945866450752,5-6
63,63,3186,0,13225.906776140198,27350.474110573403,3780.0,442304427,0.624,442304427.0,65.1794586645122,5-6
64,64,3236,0,13242.278098888257,27385.8715651638,3840.0,442304427,0.624,442304427.0,65.17945866451201,5-6
65,65,3286,0,13258.649421636312,27421.26901975419,3900.0,442304427,0.624,442304427.0,65.17945866451014,5-6
66,66,3336,0,13248.628677251943,27399.602545409605,4020.0,442304427,0.624,442304427.0,-114.8205413354856,5-6
67,67,3386,0,13232.257354503889,27364.20509081921,4080.0,442304427,0.624,442304427.0,-114.82054133548537,5-6
68,68,3436,0,13215.88603175583,27328.80763622882,4140.0,442304427,0.624,442304427.0,-114.82054133549248,5-6
69,69,3517,0,13199.514709007772,27293.41018163843,4200.0,442304427,0.624,408604423.0,-114.82054133549248,5-6
70,70,3567,0,13165.623990529744,27287.559843071136,4260.0,408604423,0.944,408604423.0,-170.20591814678104,5-6
71,71,3616,0,13112.746395317808,27313.73158211543,4320.0,408604423,0.944,408504086.0,153.66691427421833,5-6
72,72,3666,0,13056.81305068219,27317.129175577,4380.0,408504086,0.944,408504086.0,176.5239184554008,5-6
73,73,3715,0,12998.906677160488,27305.822013883408,4440.0,408504086,0.944,408504086.0,-168.95109432834016,5-6
74,74,3765,0,12941.000303638784,27294.514852189823,4500.0,408504086,0.944,398904085.0,-168.95109432834744,5-6
75,75,3815,0,12887.0300043117,27309.95715988978,4560.0,398904085,0.944,398904084.0,164.03279551937115,5-6
76,76,3865,0,12834.753827956938,27337.308905656875,4620.0,398904084,0.944,398904084.0,152.38070394775866,5-6
77,77,3915,0,12782.259350928203,27364.240854741183,4680.0,398904084,0.944,408404640.0,152.84020430770286,5-6
78,78,3965,0,12735.281319485102,27384.415723619964,4740.0,408404640,0.9440000000000002,408404640.0,156.75873788871957,5-6
79,79,4015,0,12751.16330143336,27327.593521538427,4800.0,408404640,0.9440000000000002,408404640.0,-74.3841571259494,5-6
80,80,4065,0,12767.045283381616,27270.77131945689,4860.0,408404640,0.9440000000000002,408404640.0,-74.3841571259511,5-6
81,81,4115,0,12782.927265329872,27213.94911737535,4920.0,408404640,0.9440000000000002,408404640.0,-74.38415712595206,5-6
82,82,4165,0,12798.809247278128,27157.126915293808,4980.0,408404640,0.9440000000000002,408404640.0,-74.38415712595206,5-6
83,83,4214,0,12814.691229226384,27100.30471321227,5040.0,408404640,0.9440000000000002,408404640.0,-74.3841571259511,5-6
84,84,4264,0,12830.57321117464,27043.48251113073,5100.0,408404640,0.9440000000000002,408404640.0,-74.38415712595206,5-6
85,85,4314,0,12846.455193122896,26986.66030904919,5160.0,408404640,0.9440000000000002,408404640.0,-74.3841571259511,5-6
86,86,4364,0,12862.337175071154,26929.83810696765,5220.0,408404640,0.9440000000000002,400604640.0,-74.38415712595035,5-6
87,87,4413,0,12853.974849533844,26875.22357655445,5280.0,400604640,0.9440000000000002,400604640.0,-98.70525660172736,5-6
88,88,4463,0,12828.090794411344,26822.20456401729,5340.0,400604640,0.9440000000000002,400604640.0,-116.02178143844458,5-6
89,89,4513,0,12802.206739288848,26769.18555148013,5400.0,400604640,0.9440000000000002,400604640.0,-116.02178143843987,5-6
90,90,4563,0,12776.32268416635,26716.16653894297,5460.0,400604640,0.9440000000000002,400604640.0,-116.02178143844142,5-6
91,91,4612,0,12750.438629043852,26663.14752640581,5520.0,400604640,0.9440000000000002,400604640.0,-116.021781438443,5-6
92,92,4662,0,12724.554573921356,26610.12851386865,5580.0,400604640,0.9440000000000002,400604640.0,-116.02178143844142,5-6
93,93,4711,0,12698.67051879886,26557.10950133149,5640.0,400604640,0.9440000000000002,400604640.0,-116.02178143844142,5-6
94,94,4761,0,12672.78646367636,26504.09048879433,5700.0,400604640,0.9440000000000002,400604640.0,-116.02178143844145,5-6
95,95,4811,0,12646.902408553864,26451.07147625717,5760.0,400604640,0.9440000000000002,400604640.0,-116.02178143844142,5-6
96,96,4860,0,12621.018353431366,26398.05246372001,5820.0,400604640,0.9440000000000002,400604577.0,-116.021781438443,5-6
97,97,4910,0,12594.962671165014,26345.11908574676,5880.0,400604577,0.944,400604577.0,-116.20804374179475,5-6
98,98,4960,0,12568.16561176604,26292.55562307954,5940.0,400604577,0.944,400604577.0,-117.01266534793854,5-6
99,99,5009,0,12541.368552367068,26239.992160412323,6000.0,400604577,0.944,400604577.0,-117.01266534793699,5-6
100,100,5059,0,12514.571492968094,26187.42869774511,6060.0,400604577,0.944,432804577.0,-117.01266534794014,5-6
101,101,5109,0,12489.656091371622,26134.036939971946,6120.0,432804577,0.944,432804577.0,-115.01623077583001,5-6
102,102,5159,0,12468.989053087413,26078.77507673373,6180.0,432804577,0.944,432804577.0,-110.50497947596227,5-6
103,103,5208,0,12448.322014803203,26023.51321349552,6240.0,432804577,0.944,432804577.0,-110.50497947596352,5-6
104,104,5258,0,12427.654976518992,25968.251350257306,6300.0,432804577,0.944,432804577.0,-110.50497947596394,5-6
105,105,5308,0,12406.987938234784,25912.98948701909,6360.0,432804577,0.944,432804329.0,-110.50497947596062,5-6
106,106,5358,0,12387.104383823158,25857.44196928,6420.0,432804329,0.944,432904330.0,-109.69512099524627,5-6
107,107,5408,0,12348.600410805371,25833.884005785065,6480.0,432904330,0.944,432904330.0,-148.54037035423445,5-6
108,108,5458,0,12290.453992600676,25843.883708278863,6540.0,432904330,0.944,432904330.0,170.24203655865472,5-6
109,109,5508,0,12232.30757439598,25853.883410772665,6600.0,432904330,0.944,434304421.0,170.24203655865153,5-6
110,110,5558,0,12173.489592788825,25856.353691309592,6660.0,434304421,0.944,434304421.0,177.59506337077076,5-6
111,111,5608,0,12114.491298681383,25856.802347538545,6720.0,434304421,0.944,434304421.0,179.56429904873312,5-6
112,112,5658,0,12055.49300457394,25857.2510037675,6780.0,434304421,0.944,434304421.0,179.56429904873315,5-6
113,113,5708,0,11996.4947104665,25857.69965999645,6840.0,434304421,0.944,424004343.0,179.56429904873312,5-6
114,114,5758,0,11937.496688456577,25858.180586218,6900.0,424004343,0.944,424004343.0,179.5329600635477,5-6
115,115,5808,0,11878.499217443485,25858.726859097744,6960.0,424004343,0.944,404904240.0,179.4694986833339,5-6
116,116,5858,0,11819.50078669996,25859.134087333183,7020.0,404904240,0.944,404904240.0,179.6045303516277,5-6
117,117,5908,0,11760.501396194646,25859.402266380934,7080.0,404904240,0.944,404904240.0,179.73956643218716,5-6
118,118,5956,0,11701.502005689334,25859.670445428685,7140.0,404904240,0.944,404904240.0,179.73956643218716,5-6
119,119,6005,0,11642.50261518402,25859.93862447644,7200.0,404904240,0.944,404804049.0,179.7395664321836,11-12
120,120,6054,0,11629.69889755194,25814.50812298283,7260.0,404804049,0.944,404804049.0,-105.73947477491107,11-12
121,121,6103,0,11630.605215182122,25755.51508450918,7320.0,404804049,0.944,404804049.0,-89.1198268207896,11-12
122,122,6153,0,11631.511532812305,25696.52204603553,7380.0,404804049,0.944,404804049.0,-89.11982682078965,11-12
123,123,6203,0,11632.417850442484,25637.529007561887,7440.0,404804049,0.944,404804049.0,-89.11982682079308,11-12
124,124,6253,0,11633.324168072666,25578.53596908824,7500.0,404804049,0.944,404804049.0,-89.1198268207896,11-12
125,125,6303,0,11634.230485702848,25519.542930614592,7560.0,404804049,0.944,404804049.0,-89.1198268207896,11-12
126,126,6352,0,11635.136803333033,25460.549892140945,7620.0,404804049,0.944,404804049.0,-89.11982682078782,11-12
127,127,6401,0,11636.043120963212,25401.55685366729,7680.0,404804049,0.944,404804049.0,-89.11982682079325,11-12
128,128,6451,0,11636.949438593394,25342.56381519365,7740.0,404804049,0.944,404804049.0,-89.11982682078948,11-12
129,129,6501,0,11637.855756223576,25283.570776720004,7800.0,404804049,0.944,404804049.0,-89.1198268207896,11-12
130,130,6550,0,11638.762073853755,25224.57773824636,7860.0,404804049,0.944,404804049.0,-89.11982682079308,11-12
131,131,6600,0,11639.66839148394,25165.58469977271,7920.0,404804049,0.944,404804182.0,-89.11982682078789,11-12
132,132,6650,0,11583.61365672324,25141.62861173135,7980.0,404804182,1.424,404804182.0,-156.85961069353593,11-12
133,133,6700,0,11494.692260215706,25137.888926831503,8040.0,404804182,1.424,380704182.0,-177.59178355887352,11-12
134,134,6749,0,11405.756950286535,25134.599147530425,8100.0,380704182,1.424,380704229.0,-177.8815549313622,11-12
135,135,6799,0,11316.774812538406,25133.18278194359,8160.0,380704229,1.424,378904229.0,-179.08807632834706,11-12
136,136,6848,0,11230.22385358076,25135.04381785706,8220.0,378904229,0.944,378904229.0,178.76820458126198,11-12
137,137,6897,0,11171.22633638001,25135.58507948276,8280.0,378904229,0.944,378904233.0,179.4743653935358,11-12
138,138,6947,0,11112.233133661004,25136.367116435707,8340.0,378904233,0.944,378904233.0,179.24050923934752,11-12
139,139,6997,0,11053.25410025726,25137.939890659807,8400.0,378904233,0.944,423204233.0,178.47247455778722,11-12
140,140,7047,0,10965.40146169441,25138.0,8460.0,423204233,1.424,422604231.0,179.96079786536544,11-12
141,141,7097,0,10899.61951771536,25094.453130099424,8520.0,422604231,1.424,423104693.0,-146.49591138439285,11-12
142,142,7147,0,10940.48546052497,24977.633415193388,8580.0,423104693,2.144,423104693.0,-70.71911138754386,11-12
143,143,7197,0,10992.646671736766,24854.202430246663,8640.0,423104693,2.144,423104693.0,-67.09136540936267,11-12
144,144,7247,0,11044.80788294856,24730.77144529994,8700.0,423104693,2.144,423104693.0,-67.09136540936338,11-12
145,145,7297,0,11096.969094160357,24607.34046035321,8760.0,423104693,2.144,423104693.0,-67.09136540936326,11-12
146,146,7347,0,11149.130305372151,24483.909475406494,8820.0,423104693,2.144,394304693.0,-67.09136540936217,11-12
147,147,7397,0,11201.427507796836,24360.536833948005,8880.0,394304693,2.144,379503943.0,-67.02809337152303,11-12
148,148,7447,0,11255.030179618436,24237.72545947592,8940.0,379503943,2.144,379504692.0,-66.42049156001175,11-12
149,149,7497,0,11308.897656968373,24115.0315413116,9000.0,379504692,2.144,379504692.0,-66.29662788649895,11-12
150,150,7547,0,11362.194049570737,23992.086453831147,9060.0,379504692,2.144,379504692.0,-66.5633868457821,11-12
151,151,7597,0,11415.490442173095,23869.141366350697,9120.0,379504692,2.144,380104692.0,-66.56338684578363,11-12
152,152,7647,0,11468.528888801477,23746.0856982119,9180.0,380104692,2.144,380104691.0,-66.68338699232572,11-12
153,153,7697,0,11520.59147839988,23622.61333637238,9240.0,380104691,2.144,380104691.0,-67.13709500459792,11-12
154,154,7747,0,11572.429388622826,23499.046224794427,9300.0,380104691,2.144,380104691.0,-67.24135661865034,11-12
155,155,7795,0,11624.26729884577,23375.47911321648,9360.0,380104691,2.144,469004691.0,-67.24135661865046,11-12
156,156,7845,0,11675.958379480797,23251.85092975907,9420.0,469004691,2.144,469004691.0,-67.30935216369997,11-12
157,157,7894,0,11727.043080250582,23127.970530392337,9480.0,469004691,2.144,469004691.0,-67.59016262850788,11-12
158,158,7944,0,11778.12778102037,23004.090131025605,9540.0,469004691,2.144,469004691.0,-67.59016262850585,11-12
159,159,7994,0,11829.212481790157,22880.20973165887,9600.0,469004691,2.144,469004691.0,-67.59016262850716,11-12
160,160,8044,0,11880.297182559943,22756.32933229213,9660.0,469004691,2.144,390004369.0,-67.59016262850776,11-12
161,161,8094,0,11925.735612829052,22635.79386946732,9720.0,390004369,2.144,390004369.0,-69.34498844959953,11-12
162,162,8144,0,11811.289626109165,22566.093682066483,9780.0,390004369,2.144,436404365.0,-148.6576425058105,11-12
163,163,8194,0,11808.947647982388,22442.816433399665,9840.0,436404365,2.144,436404365.0,-91.08835429351842,11-12
164,164,8244,0,11859.006431344222,22318.51792895036,9900.0,436404365,2.144,436404365.0,-68.06385641864226,11-12
165,165,8294,0,11909.065214706055,22194.21942450106,9960.0,436404365,2.144,436304364.0,-68.06385641864169,11-12
166,166,8344,0,11955.42260197566,22068.503608237927,10020.0,436304364,2.144,436304364.0,-69.75867590147062,11-12
167,167,8394,0,12001.18476643807,21942.559873563605,10080.0,436304364,2.144,436204363.0,-70.03118170212134,11-12
168,168,8444,0,12033.0,21814.160831603604,10140.0,436204363,2.144,436104362.0,-76.08331522434017,11-12
169,169,8494,0,12021.100300925478,21682.19403672011,10200.0,436104362,2.144,436004361.0,-95.15253546739639,11-12
170,170,8544,0,11968.297898030563,21559.946847045845,10260.0,436004361,2.144,435904360.0,-113.36103329272866,11-12
171,171,8593,0,11869.90730678244,21471.84997687848,10320.0,435904360,2.144,435804359.0,-138.15940209573802,11-12
172,172,8642,0,11760.726334751114,21394.163257853263,10380.0,435804359,2.144,435804359.0,-144.56659605010603,11-12
173,173,8692,0,11652.048358147984,21315.772586205105,10440.0,435804359,2.144,734407352.0,-144.19665589162952,11-12
174,174,8742,0,11537.331775447576,21247.17289706423,10500.0,734407352,2.144,734407351.0,-149.12088068294574,11-12
175,175,8792,0,11406.690609478286,21217.41389463948,10560.0,734407351,2.144,734407351.0,-167.1674504708818,11-12
176,176,8841,0,11276.01638096511,21187.74495460977,10620.0,734407351,2.144,734407351.0,-167.2081374082165,11-12
177,177,8891,0,11145.342152451934,21158.07601458007,10680.0,734407351,2.144,734407351.0,-167.20813740822086,11-12
178,178,8940,0,11014.667923938758,21128.40707455037,10740.0,734407351,2.144,266002925.0,-167.20813740822103,11-12
179,179,8990,0,10884.383646609804,21124.8679821155,10800.0,266002925,2.144,266002925.0,-178.44397796968445,12-1
180,180,9040,0,10754.65294812627,21158.42309902745,10860.0,266002925,2.144,266002925.0,165.4981466745324,12-1
181,181,9090,0,10624.922249642736,21191.9782159394,10920.0,266002925,2.144,266002925.0,165.4981466745309,12-1
182,182,9140,0,10495.191551159203,21225.53333285135,10980.0,266002925,2.144,266003139.0,165.4981466745322,12-1
183,183,9190,0,10386.816602791983,21263.48030659848,11040.0,266003139,0.944,284602847.0,160.70253995101683,12-1
184,184,9240,0,10358.675498254686,21297.21068611528,11100.0,284602847,0.944,230902846.0,129.83809100499667,12-1
185,185,9290,0,10300.456373924282,21292.118028441702,11160.0,230902846,0.944,230902846.0,-175.00083573851094,12-1
186,186,9340,0,10241.79982916612,21298.47489536131,11220.0,230902846,0.944,230902846.0,173.81474508441494,12-1
187,187,9390,0,10183.143284407954,21304.83176228091,11280.0,230902846,0.944,230902846.0,173.814745084419,12-1
188,188,9440,0,10124.48673964979,21311.188629200515,11340.0,230902846,0.944,260202844.0,173.81474508441863,12-1
189,189,9490,0,10065.766219321577,21316.90874502471,11400.0,260202844,0.944,260202844.0,174.43622610221072,12-1
190,190,9539,0,10007.122311037918,21323.38114961789,11460.0,260202844,0.944,260202844.0,173.70187563237016,12-1
191,191,9589,0,9948.478402754256,21329.85355421107,11520.0,260202844,0.944,260202844.0,173.70187563237056,12-1
192,192,9639,0,9889.8344944706,21336.32595880425,11580.0,260202844,0.944,260202844.0,173.7018756323698,12-1
193,193,9688,0,9831.19058618694,21342.79836339743,11640.0,260202844,0.944,284402971.0,173.70187563237036,12-1
194,194,9736,0,9772.541917549948,21349.223462040914,11700.0,284402971,0.944,204902971.0,173.74804536274465,12-1
195,195,9786,0,9713.654775493194,21352.796956917045,11760.0,204902971,0.944,284402971.0,176.52733357771152,12-1
196,196,9853,0,9768.89653886951,21349.554860102773,11880.0,284402971,0.944,260202844.0,-3.3587926139211293,12-1
197,197,9903,0,9827.552267192625,21343.19991699881,11940.0,260202844,0.944,260202844.0,-6.183482939190543,12-1
198,198,9953,0,9886.196175476283,21336.72751240563,12000.0,260202844,0.944,260202844.0,-6.298124367629833,12-1
199,199,10002,0,9944.840083759942,21330.25510781245,12060.0,260202844,0.944,260202844.0,-6.298124367629833,12-1
200,200,10051,0,10003.4839920436,21323.78270321927,12120.0,260202844,0.944,260202844.0,-6.298124367629833,12-1
201,201,10101,0,10062.12790032726,21317.31029862609,12180.0,260202844,0.944,230902846.0,-6.298124367629833,12-1
202,202,10151,0,10120.847636677625,21311.583014744298,12240.0,230902846,0.944,230902846.0,-5.570776117231359,12-1
203,203,10201,0,10179.504181435786,21305.22614782469,12300.0,230902846,0.944,230902846.0,-6.1852549155850785,12-1
204,204,10251,0,10238.16072619395,21298.869280905088,12360.0,230902846,0.944,230902846.0,-6.185254915581375,12-1
205,205,10301,0,10296.817270952111,21292.512413985485,12420.0,230902846,0.944,284602847.0,-6.185254915581566,12-1
206,206,10351,0,10355.077093293108,21296.539797054647,12480.0,284602847,0.944,266003139.0,3.954449744264381,12-1
207,207,10400,0,10386.070046349088,21267.063777524378,12540.0,266003139,0.944,231202659.0,-43.56297105895356,12-1
208,208,10449,0,10370.868241226031,21191.293372254964,12600.0,231202659,1.424,231202659.0,-101.34462808147634,12-1
209,209,10499,0,10370.539830177777,21102.293978177346,12660.0,231202659,1.424,231202659.0,-90.21142258103781,12-1
210,210,10549,0,10370.21141912952,21013.294584099724,12720.0,231202659,1.424,734407390.0,-90.21142258103897,12-1
211,211,10599,0,10368.966689689514,20924.3118171451,12780.0,734407390,1.424,734407390.0,-90.80142588059773,12-1
212,212,10648,0,10366.066057527029,20835.35909749551,12840.0,734407390,1.424,734407391.0,-91.8676788394336,12-1
213,213,10697,0,10364.206503169946,20746.393606926616,12900.0,734407391,1.424,734407391.0,-91.197420523837,12-1
214,214,10746,0,10364.924221766883,20657.396500906165,12960.0,734407391,1.424,734407391.0,-89.5379472785702,12-1
215,215,10834,0,10365.641940363825,20568.39939488572,13020.0,734407391,1.424,237703238.0,-89.53794727856783,12-1
216,216,10884,0,10365.596769091668,20479.40266153838,13080.0,237703238,1.424,237703238.0,-90.02908110140942,12-1
217,217,10934,0,10364.792100354494,20390.40629920697,13140.0,237703238,1.424,237703238.0,-90.5180309066231,12-1
218,218,10984,0,10363.98743161732,20301.409936875563,13200.0,237703238,1.424,237703238.0,-90.51803090662312,12-1
219,219,11034,0,10363.182762880146,20212.41357454416,13260.0,237703238,1.424,237703238.0,-90.5180309066243,12-1
220,220,11084,0,10362.378094142972,20123.417212212746,13320.0,237703238,1.424,237703238.0,-90.51803090662307,12-1
221,221,11133,0,10361.5734254058,20034.42084988133,13380.0,237703238,1.424,209003238.0,-90.5180309066219,12-1
222,222,11182,0,10360.594074025385,19945.426663599264,13440.0,209003238,1.424,209003238.0,-90.63049552036802,12-1
223,223,11232,0,10359.181553545606,19856.437873373223,13500.0,209003238,1.424,209003394.0,-90.90938044919908,12-1
224,224,11282,0,10359.0,19767.43931418363,13560.0,209003394,1.424,243403394.0,-90.11688096508736,12-1
225,225,11332,0,10358.715210579874,19678.44016683892,13620.0,243403394,1.424,243403394.0,-90.18334081412324,12-1
226,226,11382,0,10358.18228600244,19589.441762407187,13680.0,243403394,1.424,243403494.0,-90.34308439952238,12-1
227,227,11432,0,10362.27779713874,19500.5987694972,13740.0,243403494,1.424,243403494.0,-87.36063038294522,12-1
228,228,11482,0,10368.779486898731,19411.83657016513,13800.0,243403494,1.424,243403494.0,-85.81065709752033,12-1
229,229,11532,0,10375.281176658724,19323.07437083308,13860.0,243403494,1.424,349303494.0,-85.8106570975183,12-1
230,230,11582,0,10383.485263493065,19234.57570034854,13920.0,349303494,1.424,349303494.0,-84.70365022923225,12-1
231,231,11631,0,10404.125326494152,19148.002102760645,13980.0,349303494,1.424,340303493.0,-76.59040413290664,12-1
232,232,11681,0,10423.025212038674,19061.06217418858,14040.0,340303493,1.424,340303493.0,-77.7352885260879,12-1
233,233,11731,0,10439.039960062506,18973.51488499164,14100.0,340303493,1.424,339803699.0,-79.63367739654859,12-1
234,234,11780,0,10452.242337315514,18885.54497956444,14160.0,339803699,1.424,339803699.0,-81.46484473786234,12-1
235,235,11830,0,10462.665397998036,18797.157424976656,14220.0,339803699,1.424,339803544.0,-83.27448290267454,12-1
236,236,11879,0,10481.250654872883,18718.897451592147,14280.0,339803544,1.424,339803544.0,-76.64081195925162,12-1
237,237,11929,0,10569.834758996867,18727.49143184298,14340.0,339803544,1.424,339303680.0,5.54120477803895,12-1
238,238,11978,0,10658.352291444437,18736.718048657865,14400.0,339303680,1.424,339903680.0,5.950730973829759,1-2
239,239,12026,0,10746.919847609672,18745.480887360343,14460.0,339903680,1.424,339903680.0,5.650432026125139,1-2
240,240,12076,0,10835.497718740762,18754.138874764136,14520.0,339903680,1.424,349603608.0,5.58260575653217,1-2
241,241,12126,0,10904.560945415338,18753.62269522176,14580.0,349603608,1.424,349603608.0,-0.4282215007626018,1-2
242,242,12176,0,10971.29651454283,18694.73836952103,14640.0,349603608,1.424,331303496.0,-41.423665625002904,1-2
243,243,12226,0,11037.691613756237,18635.471151309343,14700.0,331303496,1.424,331303342.0,-41.75351886082475,1-2
244,244,12276,0,11104.227894207535,18576.36260405079,14760.0,331303342,1.424,331303342.0,-41.61678847329953,1-2
245,245,12326,0,11170.942747169402,18517.454808350423,14820.0,331303342,1.424,331303342.0,-41.44381890574347,1-2
246,246,12376,0,11237.657600131268,18458.54701265005,14880.0,331303342,1.424,334203686.0,-41.443818905745225,1-2
247,247,12426,0,11207.074812353112,18394.131476182785,14940.0,334203686,1.424,334203686.0,-115.39712731197423,1-2
248,248,12475,0,11147.434052439356,18328.071051139425,15000.0,334203686,1.424,334203686.0,-132.07639644586206,1-2
249,249,12525,0,11087.7932925256,18262.010626096064,15060.0,334203686,1.424,334203686.0,-132.07639644586206,1-2
250,250,12575,0,11028.152532611844,18195.9502010527,15120.0,334203686,1.424,334203686.0,-132.07639644585964,1-2
251,251,12625,0,10968.511772698086,18129.88977600934,15180.0,334203686,1.424,368703688.0,-132.07639644586297,1-2
252,252,12675,0,10930.644522595469,18051.07144716052,15240.0,368703688,1.424,338203413.0,-115.66135714853058,1-2
253,253,12725,0,10948.995845683894,17964.743701159146,15300.0,338203413,1.424,340703707.0,-77.99886065493422,1-2
254,254,12775,0,10980.908921644608,17881.925989139036,15360.0,340703707,1.424,338303707.0,-68.92627101352039,1-2
255,255,12824,0,11017.9159623841,17800.984882754983,15420.0,338303707,1.424,338303505.0,-65.42967162496336,1-2
256,256,12874,0,11063.88035472774,17728.918285767413,15480.0,338303505,1.424,338303505.0,-57.47009027622105,1-2
257,257,12924,0,11144.154558347052,17690.48584851338,15540.0,338303505,1.424,338303505.0,-25.58344383988997,1-2
258,258,12973,0,11224.428761966365,17652.05341125935,15600.0,338303505,1.424,338303505.0,-25.58344383988997,1-2
259,259,13023,0,11304.702965585677,17613.620974005313,15660.0,338303505,1.424,337903505.0,-25.583443839892084,1-2
260,260,13073,0,11384.949155524426,17575.130079870396,15720.0,337903505,1.424,337903505.0,-25.62517488646038,1-2
261,261,13123,0,11465.19488539721,17536.638225703777,15780.0,337903505,1.424,337903505.0,-25.62586023134201,1-2
262,262,13172,0,11545.440615269992,17498.146371537157,15840.0,337903505,1.424,323903379.0,-25.625860231342514,1-2
263,263,13222,0,11631.205327719294,17474.863052274755,15900.0,323903379,1.424,323903379.0,-15.188528865405166,1-2
264,264,13271,0,11717.461326986626,17452.933560935602,15960.0,323903379,1.424,323903240.0,-14.264512298080458,1-2
265,265,13321,0,11719.904260437415,17373.444192014933,16020.0,323903240,1.424,324003241.0,-88.23969248038179,1-2
266,266,13368,0,11720.215177650309,17284.69644699384,16080.0,324003241,1.424,324103242.0,-89.79927184413597,1-2
267,267,13418,0,11728.646682369472,17196.24924225707,16140.0,324103242,1.424,324103242.0,-84.55455699763785,1-2
268,268,13468,0,11743.768397938651,17108.54329195582,16200.0,324103242,1.424,321503243.0,-80.21759296819378,1-2
269,269,13518,0,11769.843444454626,17023.768209848266,16260.0,321503243,1.424,324303553.0,-72.90319467447182,1-2
270,270,13567,0,11795.654355394205,16938.607406228846,16320.0,324303553,1.424,355303768.0,-73.13876250988814,1-2
271,271,13617,0,11814.687552435718,16852.610069773265,16380.0,355303768,1.424,376703768.0,-77.5202932929835,1-2
272,272,13667,0,11800.715948488674,16764.919762255424,16440.0,376703768,1.424,355903560.0,-99.05278394700152,1-2
273,273,13717,0,11737.50553186891,16712.82355182878,16500.0,355903560,1.424,55501082.0,-140.50563265964965,1-2
274,274,13767,0,11701.48546667765,16630.840514777898,16560.0,55501082,2.144,100401082.0,-113.71876449601807,1-2
275,275,13815,0,11740.143612442036,16502.540440185483,16620.0,100401082,2.144,100301004.0,-73.2318999637633,1-2
276,276,13865,0,11796.831245519608,16487.0,16680.0,100301004,0.944,100201003.0,-15.330518107749247,1-2
277,277,13914,0,11854.239902228088,16477.897084442327,16740.0,100201003,0.944,100101002.0,-9.010006094243865,1-2
278,278,13963,0,11908.769799830128,16455.615100084935,16800.0,100101002,0.944,100101002.0,-22.225886658228585,1-2
279,279,14013,0,11961.541004099125,16429.229497950437,16860.0,100101002,0.944,100101002.0,-26.56505117707799,1-2
280,280,14063,0,12014.312208368116,16402.843895815942,16920.0,100101002,0.944,97101036.0,-26.5650511770772,1-2
281,281,14113,0,12067.281350836223,16376.859324581888,16980.0,97101036,0.944,97101253.0,-26.130746737169293,1-2
282,282,14162,0,12120.09871612921,16350.566318610332,17040.0,97101253,0.944,97101253.0,-26.46457528563996,1-2
283,283,14212,0,12172.932297183022,16324.30584045341,17100.0,97101253,0.944,97101253.0,-26.429279441842866,1-2
284,284,14261,0,12225.765878236834,16298.045362296483,17160.0,97101253,0.944,125301254.0,-26.42927944184603,1-2
285,285,14311,0,12236.85498330434,16256.893177316751,17220.0,125301254,0.944,97101253.0,-74.91895823558136,1-2
286,286,14368,0,12227.626055425864,16297.120777184778,17340.0,97101253,0.944,97101253.0,102.92107940787629,1-2
287,287,14418,0,12174.792474372052,16323.381255341705,17400.0,97101253,0.944,97101253.0,153.57072055815397,1-2
288,288,14468,0,12121.95889331824,16349.641733498624,17460.0,97101253,0.944,97101036.0,153.5707205581603,1-2
289,289,14518,0,12069.139331848692,16375.930334075652,17520.0,97101036,0.944,100101002.0,153.5402049981054,1-2
290,290,14568,0,12016.170189380588,16401.914905309706,17580.0,100101002,0.944,100101002.0,153.86925326282915,1-2
291,291,14636,0,11963.398985111591,16428.300507444204,17640.0,100101002,0.944,100101002.0,153.434948822922,1-2
292,292,14686,0,11910.627780842598,16454.686109578703,17700.0,100101002,0.944,100201003.0,153.43494882292043,1-2
293,293,14736,0,11856.19398570672,16477.192333023806,17760.0,100201003,0.944,100301004.0,157.5368389606103,1-2
294,294,14786,0,11798.908531442004,16487.0,17820.0,100301004,0.944,100401082.0,170.28475826626965,1-2
295,295,14836,0,11741.550845112011,16498.03729564156,17880.0,100401082,2.144,55501082.0,169.10775762683687,1-2
296,296,14886,0,11702.830856937151,16626.318508627908,17940.0,55501082,2.144,356003561.0,106.79574554394458,1-2
297,297,14935,0,11684.542948065164,16723.77553886632,18000.0,356003561,1.424,356203563.0,100.62801270451591,2-3
298,298,14984,0,11654.126575184384,16805.873424815618,18060.0,356203563,1.424,356303564.0,110.32911932895088,2-3
299,299,15034,0,11590.579464657534,16868.181163234643,18120.0,356303564,1.424,355103564.0,135.56420945485425,2-3
300,300,15084,0,11511.172263635372,16884.655939049473,18180.0,355103564,1.424,355103564.0,168.27901363539675,2-3
301,301,15134,0,11422.741395959089,16874.60697681353,18240.0,355103564,1.424,355103564.0,-173.51692630710238,2-3
302,302,15184,0,11334.310528282804,16864.558014577593,18300.0,355103564,1.424,321403291.0,-173.51692630710482,2-3
303,303,15233,0,11281.483072216051,16914.225269730025,18360.0,321403291,1.424,321403291.0,136.76603092719844,2-3
304,304,15283,0,11238.64306966542,16992.236385485805,18420.0,321403291,1.424,321403291.0,118.7735015199691,2-3
305,305,15333,0,11195.80306711479,17070.24750124159,18480.0,321403291,1.424,321403291.0,118.773501519968,2-3
306,306,15383,0,11152.963064564156,17148.25861699737,18540.0,321403291,1.424,329103343.0,118.77350151997116,2-3
307,307,15433,0,11110.629892482875,17226.54151573961,18600.0,329103343,1.424,329103343.0,118.40326574951575,2-3
308,308,15483,0,11069.35454480214,17305.391662688326,18660.0,329103343,1.424,329103343.0,117.6305150890157,2-3
309,309,15533,0,11028.079197121404,17384.241809637042,18720.0,329103343,1.424,329103343.0,117.6305150890157,2-3
310,310,15583,0,10986.803849440668,17463.09195658576,18780.0,329103343,1.424,332203343.0,117.6305150890157,2-3
311,311,15633,0,10944.125758520837,17541.18798208601,18840.0,332203343,1.424,332203343.0,118.65582086857702,2-3
312,312,15683,0,10901.120619287743,17619.108184854882,18900.0,332203343,1.424,332203343.0,118.89485791585075,2-3
313,313,15733,0,10858.11548005465,17697.028387623755,18960.0,332203343,1.424,332203343.0,118.89485791585075,2-3
314,314,15782,0,10815.110340821557,17774.948590392625,19020.0,332203343,1.424,332203390.0,118.89485791585187,2-3
315,315,15831,0,10773.472910951692,17853.496008976213,19080.0,332203390,1.424,339003472.0,117.92774560353168,2-3
316,316,15881,0,10714.506921638822,17909.079584940067,19140.0,339003472,2.144,339003472.0,136.69133522516645,2-3
317,317,15931,0,10581.708589946797,17891.174191902937,19200.0,339003472,2.144,325303472.0,-172.32103619262998,2-3
318,318,15981,0,10448.337452413822,17878.276249443305,19260.0,325303472,2.144,325303472.0,-174.47626560517446,2-3
319,319,16031,0,10314.926115496775,17865.729728730104,19320.0,325303472,2.144,325303598.0,-174.62748362546202,2-3
320,320,16080,0,10181.563543616136,17852.683186223854,19380.0,325303598,2.144,359803731.0,-174.41266924340067,2-3
321,321,16130,0,10048.242927429374,17839.206843295437,19440.0,359803731,2.144,359803731.0,-174.22802114672587,2-3
322,322,16179,0,9914.937964398894,17825.576478977393,19500.0,359803731,2.144,359803731.0,-174.16182537809038,2-3
323,323,16229,0,9781.633001368416,17811.946114659346,19560.0,359803731,2.144,359803731.0,-174.16182537808876,2-3
324,324,16279,0,9648.328038337935,17798.315750341302,19620.0,359803731,2.144,319003731.0,-174.16182537809047,2-3
325,325,16329,0,9515.089977956375,17784.06742605216,19680.0,319003731,2.144,352403525.0,-173.89605305481123,2-3
326,326,16379,0,9386.781971088623,17746.653381563938,19740.0,352403525,2.144,321203525.0,-163.74355032296134,2-3
327,327,16429,0,9267.68999246474,17686.7657449137,19800.0,321203525,2.144,352603527.0,-153.3036051009565,2-3
328,328,16478,0,9168.168050138383,17622.533438632527,19860.0,352603527,2.144,352603527.0,-147.1614586070756,2-3
329,329,16528,0,9054.002060548091,17552.37556793458,19920.0,352603527,2.144,318603527.0,-148.42822944822257,2-3
330,330,16578,0,8943.51352014245,17476.593134680224,19980.0,318603527,2.144,318603529.0,-145.5543580082092,2-3
331,331,16628,0,8833.458574349757,17400.147672007854,20040.0,318603529,2.144,318603529.0,-145.21570055721816,2-3
332,332,16678,0,8723.433298185355,17323.659512107464,20100.0,318603529,2.144,734407397.0,-145.19346908709085,2-3
333,333,16727,0,8643.150602630216,17343.944275365026,20160.0,734407397,3.216,734407397.0,165.8200443700706,2-3
334,334,16775,0,8617.921074617227,17543.35458331384,20220.0,734407397,3.216,734407397.0,97.21078840984903,2-3
335,335,16825,0,8592.691546604237,17742.764891262657,20280.0,734407397,3.216,734407397.0,97.21078840984903,2-3
336,336,16875,0,8567.46201859125,17942.175199211473,20340.0,734407397,3.216,734407396.0,97.2107884098485,2-3
337,337,16925,0,8550.197165768286,18141.89635160421,20400.0,734407396,3.216,734407396.0,94.94063934213492,2-3
338,338,16975,0,8559.808499057353,18342.66642475359,20460.0,734407396,3.216,734407396.0,87.25920940581707,2-3
339,339,17024,0,8569.419832346419,18543.436497902967,20520.0,734407396,3.216,734407396.0,87.25920940581759,2-3
340,340,17074,0,8579.031165635484,18744.206571052346,20580.0,734407396,3.216,734407395.0,87.25920940581759,2-3
341,341,17124,0,8611.354851188597,18941.15435810171,20640.0,734407395,3.216,734407395.0,80.67953165614222,2-3
342,342,17174,0,8667.98740967042,19134.01117887765,20700.0,734407395,3.216,734407395.0,73.63508183011879,2-3
343,343,17224,0,8724.619968152245,19326.86799965359,20760.0,734407395,3.216,734407395.0,73.63508183011909,2-3
344,344,17274,0,8781.252526634067,19519.72482042953,20820.0,734407395,3.216,734407395.0,73.63508183011929,2-3
345,345,17323,0,8837.885085115891,19712.581641205463,20880.0,734407395,3.216,250802509.0,73.63508183011851,2-3
346,346,17373,0,8855.857971657753,19850.92499722594,20940.0,250802509,2.144,246902509.0,82.5978732806893,2-3
347,347,17423,0,8806.678188234107,19973.96311252089,21000.0,246902509,2.144,220802469.0,111.78717178566076,2-3
348,348,17473,0,8727.844730150968,20082.255973381423,21060.0,220802469,2.144,220802469.0,126.053323221827,2-3
349,349,17523,0,8648.159481656381,20189.98833236588,21120.0,220802469,2.144,220802469.0,126.48882804892627,2-3
350,350,17573,0,8568.474233161794,20297.720691350336,21180.0,220802469,2.144,220802512.0,126.48882804892627,2-3
351,351,17623,0,8493.046823211176,20407.67607937429,21240.0,220802512,2.144,251202712.0,124.44941868920186,2-3
352,352,17673,0,8458.541104673723,20536.851838547176,21300.0,251202712,2.144,251202712.0,104.95578406378226,2-3
353,353,17723,0,8432.87871651149,20668.371577878617,21360.0,251202712,2.144,251302514.0,101.04094018032386,2-3
354,354,17771,0,8412.606560078042,20800.29520351192,21420.0,251302514,2.144,251302514.0,98.73607035376594,2-3
355,355,17821,0,8415.583602874252,20934.26212934136,21480.0,251302514,2.144,251402515.0,88.72696997994308,2-3
356,356,17871,0,8421.38918090855,21068.00665913607,21540.0,251402515,2.144,251402515.0,87.51446707655666,2-3
357,357,17921,0,8439.385817894157,21200.79265635418,21600.0,251402515,2.144,251502516.0,82.28166720599165,3-4
358,358,17971,0,8458.8268798888,21333.3216668651,21660.0,251502516,2.144,251502516.0,81.65463823750868,3-4
359,359,18021,0,8487.734444406104,21464.166432575,21720.0,251502516,2.144,251602838.0,77.54175355999503,3-4
360,360,18071,0,8525.436516804599,21592.68148605121,21780.0,251602838,2.144,251602838.0,73.65005368960853,3-4
361,361,18121,0,8565.097304738621,21720.677665292824,21840.0,251602838,2.144,270202838.0,72.78392641220874,3-4
362,362,18171,0,8604.921347985144,21848.62306776492,21900.0,270202838,2.144,270202838.0,72.71082316994006,3-4
363,363,18220,0,8644.854667658876,21976.53448234484,21960.0,270202838,2.144,270202779.0,72.66189085763848,3-4
364,364,18270,0,8694.046632812144,22009.405810965167,22020.0,270202779,0.944,270202779.0,33.75185871594519,3-4
365,365,18320,0,8743.27241673116,22041.929989625947,22080.0,270202779,0.944,277902780.0,33.45330945407368,3-4
366,366,18368,0,8771.0478991514,22026.63567490929,22140.0,277902780,0.624,277902780.0,-28.838975674808765,3-4
367,367,18418,0,8790.52829070582,21992.849370807093,22200.0,277902780,0.624,277902780.0,-60.033258129385004,3-4
368,368,18468,0,8810.008682260242,21959.06306670489,22260.0,277902780,0.624,278002781.0,-60.03325812939033,3-4
369,369,18518,0,8820.361532317756,21923.01675965232,22320.0,278002781,0.624,278002781.0,-73.97541948399665,3-4
370,370,18568,0,8818.896401878737,21884.0442899744,22380.0,278002781,0.624,278002781.0,-92.15296278909976,3-4
371,371,18617,0,8817.431271439717,21845.07182029647,22440.0,278002781,0.624,278102782.0,-92.15296278910182,3-4
372,372,18667,0,8816.755536790331,21806.508593957507,22500.0,278102782,0.624,278102782.0,-91.00387818287984,3-4
373,373,18717,0,8849.448763764305,21785.244706494763,22560.0,278102782,0.624,278102782.0,-33.040237778066164,3-4
374,374,18767,0,8882.141990738277,21763.98081903201,22620.0,278102782,0.624,278102782.0,-33.04023777807658,3-4
375,375,18816,0,8914.835217712249,21742.71693156927,22680.0,278102782,0.624,278102782.0,-33.04023777806314,3-4
376,376,18896,0,8906.306773026028,21748.263887462745,22800.0,278102782,0.624,278102782.0,146.959762221941,3-4
377,377,18957,0,8873.613546052056,21769.527774925493,22860.0,278102782,0.624,278102782.0,146.95976222192792,3-4
378,378,19007,0,8840.920319078083,21790.79166238824,22920.0,278102782,0.624,278002781.0,146.95976222192937,3-4
379,379,19056,0,8816.348338937818,21816.265815745963,22980.0,278002781,0.624,278002781.0,133.96725049517815,3-4
380,380,19106,0,8817.813469376837,21855.23828542389,23040.0,278002781,0.624,278002781.0,87.84703721090064,3-4
381,381,19156,0,8819.278599815858,21894.210755101813,23100.0,278002781,0.624,278002781.0,87.84703721089778,3-4
382,382,19206,0,8820.743730254877,21933.183224779736,23160.0,278002781,0.624,277902780.0,87.84703721090045,3-4
383,383,19256,0,8804.926973991736,21967.876654483083,23220.0,277902780,0.624,277902780.0,114.50827196584235,3-4
384,384,19306,0,8785.446582437315,22001.66295858528,23280.0,277902780,0.624,277902780.0,119.966741870615,3-4
385,385,19356,0,8765.966190882891,22035.449262687485,23340.0,277902780,0.624,270202779.0,119.96674187060933,3-4
386,386,19406,0,8730.431243982339,22033.445643345472,23400.0,270202779,0.944,270202779.0,-176.77282458577307,3-4
387,387,19456,0,8681.205460063322,22000.921464684696,23460.0,270202779,0.944,270202838.0,-146.54669054592927,3-4
388,388,19506,0,8634.437552571224,21943.1671605797,23520.0,270202838,2.144,270202838.0,-128.99963701422962,3-4
389,389,19555,0,8594.504232897492,21815.25574599978,23580.0,270202838,2.144,251602838.0,-107.33810914236199,3-4
390,390,19605,0,8554.751283026646,21687.288231586,23640.0,251602838,2.144,251602838.0,-107.2573422901496,3-4
391,391,19654,0,8515.090495092623,21559.29205234437,23700.0,251602838,2.144,251502516.0,-107.21607358778942,3-4
392,392,19704,0,8480.19353799159,21430.03390880404,23760.0,251502516,2.144,251402515.0,-105.10844240754753,3-4
393,393,19754,0,8452.687802889857,21298.93973483597,23820.0,251402515,2.144,251402515.0,-101.84971505475302,3-4
394,394,19804,0,8434.691165904253,21166.153737617864,23880.0,251402515,2.144,251302514.0,-97.7183327940078,3-4
395,395,19853,0,8417.784046136981,21033.282076164127,23940.0,251302514,2.144,251302514.0,-97.25157407621545,3-4
396,396,19903,0,8414.807003340771,20899.31515033469,24000.0,251302514,2.144,251302712.0,-91.27303002005695,3-4
397,397,19952,0,8413.720999243884,20765.54233660984,24060.0,251302712,2.144,244602447.0,-90.46513250812124,3-4
398,398,20002,0,8359.571700979306,20770.92952375056,24120.0,244602447,0.944,244702448.0,174.3184724376765,3-4
399,399,20052,0,8300.955526581232,20776.690279588674,24180.0,244702448,0.944,244802449.0,174.38703684785696,3-4
400,400,20102,0,8242.064676669102,20777.72469050402,24240.0,244802449,0.944,244802449.0,178.9937097904122,3-4
401,401,20152,0,8183.164140646234,20774.300240735247,24300.0,244802449,0.944,244902450.0,-176.67259575827256,3-4
402,402,20202,0,8127.565036474867,20755.19374241436,24360.0,244902450,0.944,245002451.0,-161.034839788337,3-4
403,403,20252,0,8071.891513243956,20735.66905792457,24420.0,245002451,0.944,245102452.0,-160.67424990166322,3-4
404,404,20302,0,8014.717244459413,20729.404971574488,24480.0,245102452,0.944,210902452.0,-173.74753870222818,3-4
405,405,20352,0,7965.266932587762,20758.66431025464,24540.0,210902452,0.944,210902452.0,149.3875495693972,3-4
406,406,20401,0,7918.614233838541,20794.782528641128,24600.0,210902452,0.944,210902452.0,142.2531946127304,3-4
407,407,20451,0,7871.96153508932,20830.900747027623,24660.0,210902452,0.944,210902742.0,142.25319461272426,3-4
408,408,20501,0,7825.407883818515,20867.146091096845,24720.0,210902742,0.944,210902742.0,142.0966931749609,3-4
409,409,20551,0,7778.97850900836,20903.550941800266,24780.0,210902742,0.944,274202970.0,141.90032816927499,3-4
410,410,20601,0,7732.642689818607,20940.074537226938,24840.0,274202970,0.944,296702970.0,141.75352266232395,3-4
411,411,20651,0,7686.388727302204,20976.70199817647,24900.0,296702970,0.944,296702970.0,141.62509811766284,3-4
412,412,20701,0,7640.139310509107,21013.335199596742,24960.0,296702970,0.944,245302967.0,141.6179872879897,3-4
413,413,20751,0,7593.753647054063,21049.794348505347,25020.0,245302967,0.944,245302501.0,141.83263985530496,3-4
414,414,20800,0,7545.61183444689,21083.366040594785,25080.0,245302501,0.944,245302501.0,145.11000935234068,3-4
415,415,20850,0,7491.220520523192,21106.226158040976,25140.0,245302501,0.944,216102501.0,157.203478532058,3-4
416,416,20937,0,7432.89672457186,21131.533711733315,25260.0,216102501,0.944,216102501.0,156.54326824558166,4-5
417,417,20987,0,7378.79344914372,21155.06742346664,25320.0,216102501,0.944,216102501.0,156.49204003333665,4-5
418,418,21037,0,7324.69017371558,21178.601135199948,25380.0,216102501,0.944,216102501.0,156.49204003335248,4-5
419,419,21114,0,7270.586898287441,21202.134846933262,25440.0,216102501,0.944,216102455.0,156.49204003334603,4-5
420,420,21163,0,7213.730182940165,21217.56745426496,25500.0,216102455,0.944,245502835.0,164.81409674772604,4-5
421,421,21212,0,7175.893892559383,21176.713907273333,25560.0,245502835,0.944,217102835.0,-132.80414565544746,4-5
422,422,21262,0,7128.464731397681,21186.83665220798,25620.0,217102835,0.944,217102835.0,167.9521978653795,4-5
423,423,21312,0,7077.133422432613,21215.92439395485,25680.0,217102835,0.944,217102429.0,150.46121774044434,4-5
424,424,21361,0,7024.017484982575,21241.60821559176,25740.0,217102429,0.944,217102429.0,154.1942520454255,4-5
425,425,21411,0,6970.896896764901,21267.28316656363,25800.0,217102429,0.944,217102429.0,154.20397350550675,4-5
426,426,21460,0,6917.776308547226,21292.95811753551,25860.0,217102429,0.944,217602429.0,154.20397350549723,4-5
427,427,21510,0,6867.804575248671,21323.93256868964,25920.0,217602429,0.944,209302176.0,148.2077327302124,4-5
428,428,21560,0,6819.6347409834325,21357.999017918537,25980.0,209302176,0.944,209302176.0,144.73146110418352,4-5
429,429,21610,0,6771.247250679663,21391.757732083955,26040.0,209302176,0.944,209302176.0,145.09750438407696,4-5
430,430,21660,0,6722.8597603758935,21425.516446249378,26100.0,209302176,0.944,242002770.0,145.09750438407406,4-5
431,431,21709,0,6675.438740842417,21442.72484637352,26160.0,242002770,0.944,242002770.0,160.05489984509083,4-5
432,432,21757,0,6642.5293876556725,21393.75572883164,26220.0,242002770,0.944,242002770.0,-123.90279840308081,4-5
433,433,21807,0,6609.620034468928,21344.786611289765,26280.0,242002770,0.944,242002770.0,-123.90279840308474,4-5
434,434,21856,0,6576.710681282183,21295.817493747887,26340.0,242002770,0.944,277802851.0,-123.90279840308276,4-5
435,435,21926,0,6552.967125471662,21213.7345564421,26460.0,277802851,0.9440000000000002,277802851.0,-106.13319957797903,4-5
436,436,22019,0,6585.911331218472,21164.788879332555,26520.0,277802851,0.9440000000000002,277702778.0,-56.0564129802487,4-5
437,437,22069,0,6602.499880540246,21115.02609321709,26580.0,277702778,0.944,277702778.0,-71.56406266143313,4-5
438,438,22118,0,6574.598074068599,21063.040622212025,26640.0,277702778,0.944,277702778.0,-118.22348571236388,4-5
439,439,22168,0,6546.696267596953,21011.05515120696,26700.0,277702778,0.944,277702778.0,-118.22348571236388,4-5
440,440,22216,0,6518.794461125306,20959.069680201887,26760.0,277702778,0.944,228302623.0,-118.22348571235887,4-5
441,441,22265,0,6624.267659426605,20914.12808857688,26820.0,228302623,2.144,228102282.0,-23.078606481882577,4-5
442,442,22315,0,6742.764158232846,20853.43141188582,26880.0,228102282,2.144,228002281.0,-27.122585806655884,4-5
443,443,22365,0,6840.256486596296,20761.787485111407,26940.0,228002281,2.144,228002281.0,-43.22888535637013,4-5
444,444,22414,0,6929.83219242641,20662.12709716797,27000.0,228002281,2.144,227902280.0,-48.05049449414102,4-5
445,445,22464,0,7022.240215649718,20565.13760809322,27060.0,227902280,2.144,208402277.0,-46.38569653052927,4-5
446,446,22514,0,7127.323978260415,20483.03455412328,27120.0,208402277,2.144,208402277.0,-38.000887272910376,4-5
447,447,22564,0,7234.79020065857,20402.99074709569,27180.0,208402277,2.144,227602277.0,-36.67975748262963,4-5
448,448,22614,0,7338.71919529402,20318.48692897067,27240.0,227602277,2.144,227402275.0,-39.114278934162975,4-5
449,449,22664,0,7426.772452343552,20218.925154077464,27300.0,227402275,2.144,227302274.0,-48.51018956443108,4-5
450,450,22714,0,7501.600075970919,20107.86290962888,27360.0,227302274,2.144,227302274.0,-56.0300805450396,4-5
451,451,22763,0,7580.608017414436,19999.632852856936,27420.0,227302274,2.144,227202273.0,-53.87055585675941,4-5
452,452,22813,0,7658.494120814084,19890.598163874623,27480.0,227202273,2.144,227202273.0,-54.46086684635733,4-5
453,453,22863,0,7735.678913716232,19781.060463767983,27540.0,227202273,2.144,227102272.0,-54.82989233463743,4-5
454,454,22913,0,7818.577177594196,19676.089337420017,27600.0,227102272,2.144,227002271.0,-51.70098710502575,4-5
455,455,22963,0,7916.175134759776,19586.15547569791,27660.0,227002271,2.144,227002443.0,-42.65972465276057,4-5
456,456,23013,0,8046.649936120608,19564.76542252228,27720.0,227002443,2.144,244202688.0,-9.310257260198107,4-5
457,457,23063,0,8179.646754643316,19579.565691869622,27780.0,244202688,2.144,244202688.0,6.349913324509513,4-5
458,458,23113,0,8312.66468935877,19595.75917957411,27840.0,244202688,2.144,244102442.0,6.94098342874164,4-5
459,459,23163,0,8445.02149102924,19615.825251867987,27900.0,244102442,2.144,244102442.0,8.620731043647096,4-5
460,460,23213,0,8575.87775219937,19644.680735100374,27960.0,244102442,2.144,244002441.0,12.435441502526954,4-5
461,461,23262,0,8703.81686178883,19684.17839071237,28020.0,244002441,2.144,244002441.0,17.156623401201216,4-5
462,462,23312,0,8831.096685260587,19726.081213254514,28080.0,244002441,2.144,734407394.0,18.222480898754963,4-5
463,463,23362,0,8939.465596075961,19884.57060423868,28140.0,734407394,3.2160000000000006,734407394.0,55.63719074551098,4-5
464,464,23412,0,9045.8834810904,20055.08815098696,28200.0,734407394,3.2160000000000006,734407394.0,58.03222478094433,4-5
465,465,23462,0,9152.30136610484,20225.60569773524,28260.0,734407394,3.2160000000000006,734407394.0,58.032224780943785,4-5
466,466,23512,0,9258.71925111928,20396.12324448353,28320.0,734407394,3.2160000000000006,734407393.0,58.032224780945974,4-5
467,467,23562,0,9372.12742887424,20558.14378242828,28380.0,734407393,3.216,734407393.0,55.00945103685666,4-5
468,468,23612,0,9559.95946359496,20629.69884327427,28440.0,734407393,3.216,734407393.0,20.85445803957853,4-5
469,469,23662,0,9747.791498315682,20701.25390412026,28500.0,734407393,3.216,734407393.0,20.854458039579132,4-5
470,470,23711,0,9935.623533036403,20772.80896496625,28560.0,734407393,3.216,734407392.0,20.854458039578347,4-5
471,471,23761,0,10136.027592261413,20774.171165787982,28620.0,734407392,3.216,734407392.0,0.3894489774779271,4-5
472,472,23811,0,10337.01847723522,20772.25696688348,28680.0,734407392,3.216,734407389.0,-0.545657593412733,4-5
473,473,23861,0,10530.224931066943,20823.49055103757,28740.0,734407389,3.216,734407389.0,14.851612875510494,4-5
474,474,23911,0,10722.22434751054,20882.96511774737,28800.0,734407389,3.216,553605560.0,17.21111527535387,5-6
475,475,48,0,10355.466328438142,6579.872152613503,0.0,553605560,0.944,553605560.0,-91.46884893535429,9-10
476,476,98,0,10314.932656876286,6622.7443052270055,60.0,553605560,0.944,555905560.0,133.39399701071721,9-10
477,477,148,0,10278.767608067106,6668.937912941377,120.0,555905560,0.944,555805559.0,128.05744831403217,9-10
478,478,198,0,10250.316829535932,6720.414482001849,180.0,555805559,0.944,555805559.0,118.92915499233617,9-10
479,479,248,0,10230.644964173254,6776.038377165282,240.0,555805559,0.944,555705558.0,109.47657549893202,9-10
480,480,298,0,10217.852086894987,6833.457896009064,300.0,555705558,0.944,10505557.0,102.56016815914764,9-10
481,481,348,0,10210.213069560015,6891.784173600993,360.0,10505557,0.944,10505557.0,97.46158251262825,9-10
482,482,398,0,10211.196266347722,6950.77598086333,420.0,10505557,0.944,10505557.0,89.04515874612635,9-10
483,483,448,0,10212.179463135428,7009.767788125666,480.0,10505557,0.944,10505557.0,89.04515874612808,9-10
484,484,498,0,10213.162659923131,7068.759595388003,540.0,10505557,0.944,10505555.0,89.04515874612987,9-10
485,485,548,0,10213.751798633764,7127.749098159825,600.0,10505555,0.9440000000000002,10505555.0,89.42779583045332,9-10
486,486,598,0,10212.0787128732,7186.725371219742,660.0,10505555,0.9440000000000002,10505555.0,91.62497635752328,9-10
487,487,648,0,10210.405627112634,7245.701644279658,720.0,10505555,0.9440000000000002,555405555.0,91.62497635752683,9-10
488,488,698,0,10208.575342747054,7304.6731810031215,780.0,555405555,0.944,555405555.0,91.77770365967478,9-10
489,489,748,0,10206.694749823975,7363.643201948154,840.0,555405555,0.944,555405555.0,91.82658120597316,9-10
490,490,798,0,10204.8141569009,7422.613222893188,900.0,555405555,0.944,555405555.0,91.82658120596955,9-10
491,491,847,0,10202.933563977824,7481.583243838221,960.0,555405555,0.944,555405555.0,91.82658120597137,9-10
492,492,897,0,10201.052971054747,7540.553264783254,1020.0,555405555,0.944,555405555.0,91.82658120597137,9-10
493,493,947,0,10199.172378131672,7599.523285728288,1080.0,555405555,0.944,555405555.0,91.82658120596957,9-10
494,494,997,0,10197.291785208596,7658.493306673321,1140.0,555405555,0.944,555407353.0,91.82658120597137,9-10
495,495,1047,0,10195.22805188669,7717.456577618228,1200.0,555407353,0.944,555407353.0,92.00455231577659,9-10
496,496,1097,0,10192.762526855053,7776.405039738273,1260.0,555407353,0.944,555407353.0,92.39500551687276,9-10
497,497,1147,0,10190.297001823415,7835.353501858318,1320.0,555407353,0.944,555407353.0,92.39500551687279,9-10
498,498,1197,0,10187.83147679178,7894.301963978363,1380.0,555407353,0.944,555407353.0,92.39500551687098,9-10
499,499,1247,0,10185.365951760145,7953.250426098408,1440.0,555407353,0.944,540207353.0,92.39500551687102,9-10
500,500,1296,0,10135.953651753183,7972.899188499293,1500.0,540207353,0.944,1600017.0,158.31479658093374,9-10
501,501,1346,0,10061.661756574107,7963.381977346474,1560.0,1600017,1.424,800009.0,-172.699848329999,9-10
502,502,1396,0,9983.898402230709,7953.1522742718735,1620.0,800009,1.424,800009.0,-172.5058206408204,9-10
503,503,1446,0,9921.07140142272,8016.190103941632,1680.0,800009,1.424,800009.0,134.90402725975494,9-10
504,504,1496,0,9858.244400614736,8079.227933611389,1740.0,800009,1.424,800009.0,134.90402725975287,9-10
505,505,1546,0,9795.41739980675,8142.265763281146,1800.0,800009,1.424,800009.0,134.9040272597537,9-10
506,506,1595,0,9732.590398998766,8205.303592950904,1860.0,800009,1.424,800042.0,134.9040272597533,9-10
507,507,1645,0,9666.242458904431,8264.384729348025,1920.0,800042,1.424,800042.0,138.3157565345073,9-10
508,508,1695,0,9596.33370007618,8319.464357515737,1980.0,800042,1.424,800042.0,141.7661748225534,9-10
509,509,1744,0,9526.42494124793,8374.54398568345,2040.0,800042,1.424,700042.0,141.7661748225534,9-10
510,510,1793,0,9456.4588633321,8429.55045617683,2100.0,700042,1.424,700042.0,141.82600588510056,9-10
511,511,1843,0,9386.252925589495,8484.25078803763,2160.0,700042,1.424,700042.0,142.07637817763793,9-10
512,512,1893,0,9316.046987846894,8538.951119898433,2220.0,700042,1.424,700138.0,142.07637817763558,9-10
513,513,1943,0,9247.833252708053,8596.103632822373,2280.0,700138,1.424,700138.0,140.0422218015251,9-10
514,514,1993,0,9179.91421577406,8653.618886642198,2340.0,700138,1.424,700138.0,139.74137937627367,9-10
515,515,2043,0,9111.995178840069,8711.134140462023,2400.0,700138,1.424,700138.0,139.74137937627367,9-10
516,516,2093,0,9044.076141906076,8768.64939428185,2460.0,700138,1.424,700138.0,139.7413793762728,9-10
517,517,2142,0,8976.157104972082,8826.164648101676,2520.0,700138,1.424,600087.0,139.7413793762744,9-10
518,518,2192,0,8908.379975651469,8883.837482839303,2580.0,600087,1.424,600087.0,139.6049145133792,9-10
519,519,2241,0,8840.261110030528,8941.115926834545,2640.0,600087,1.424,600087.0,139.94085598589476,9-10
520,520,2291,0,8772.142244409586,8998.394370829788,2700.0,600087,1.424,600087.0,139.94085598589476,9-10
521,521,2341,0,8704.023378788646,9055.672814825031,2760.0,600087,1.424,600087.0,139.940855985894,9-10
522,522,2391,0,8635.904513167705,9112.951258820274,2820.0,600087,1.424,600087.0,139.94085598589476,9-10
523,523,2440,0,8567.785647546763,9170.229702815515,2880.0,600087,1.424,600087.0,139.94085598589564,9-10
524,524,2490,0,8499.666781925822,9227.50814681076,2940.0,600087,1.424,500006.0,139.94085598589385,9-10
525,525,2540,0,8449.227964421778,9299.90368392643,3000.0,500006,1.424,400005.0,124.86537785248802,9-10
526,526,2590,0,8393.920928630334,9368.039238046906,3060.0,400005,1.424,400005.0,129.0669512316277,9-10
527,527,2640,0,8325.117398657383,9424.49341648625,3120.0,400005,1.424,300004.0,140.63068275763536,9-10
528,528,2690,0,8256.950880689008,9481.711569071382,3180.0,300004,1.424,300004.0,139.99030795123377,9-10
529,529,2740,0,8189.047579864802,9539.245400311596,3240.0,300004,1.424,300004.0,139.72570584578614,9-10
530,530,2790,0,8121.144279040596,9596.779231551807,3300.0,300004,1.424,300205.0,139.72570584578793,9-10
531,531,2839,0,8170.038369664639,9681.03836966464,3360.0,300205,2.144,20500206.0,59.874163101927444,9-10
532,532,2889,0,8258.067291758907,9781.943515674797,3420.0,20500206,2.144,20500206.0,48.898789960504786,9-10
533,533,2939,0,8344.0677050642,9884.70503041314,3480.0,20500206,2.144,20500206.0,50.07426634327134,9-10
534,534,2988,0,8430.068118369494,9987.466545151485,3540.0,20500206,2.144,20500206.0,50.07426634327134,9-10
535,535,3038,0,8516.068531674788,10090.228059889829,3600.0,20500206,2.144,20500206.0,50.07426634327134,5-6
536,536,3088,0,8602.068944980081,10192.98957462817,3660.0,20500206,2.144,20600650.0,50.074266343270835,5-6
537,537,3138,0,8672.444892457848,10306.51246180726,3720.0,20600650,2.144,57400575.0,58.20409224542267,5-6
538,538,3188,0,8737.607196757763,10423.59892034238,3780.0,57400575,2.144,57300574.0,60.9026834858452,5-6
539,539,3237,0,8804.295736186394,10539.817146556668,3840.0,57300574,2.144,57300574.0,60.15186102985565,5-6
540,540,3287,0,8875.733899295628,10653.186405403932,3900.0,57300574,2.144,57200573.0,57.78345394142445,5-6
541,541,3337,0,8947.588747997808,10766.291705840307,3960.0,57200573,2.144,57200573.0,57.57254726398206,5-6
542,542,3387,0,9019.566446010334,10879.319184750604,4020.0,57200573,2.144,57200663.0,57.51036684093995,5-6
543,543,3437,0,9088.266224252498,10994.36808998146,4080.0,57200663,2.144,66300849.0,59.15707790835039,5-6
544,544,3487,0,9031.3205681967,11050.481746402083,4140.0,66300849,1.424,84900945.0,135.4216300817822,5-6
545,545,3536,0,8956.15133526021,11098.132005119674,4200.0,84900945,1.424,84900945.0,147.62912762076365,5-6
546,546,3586,0,8881.124364474788,11146.006357906565,4260.0,84900945,1.424,79000945.0,147.45824644000402,5-6
547,547,3636,0,8805.974623157823,11193.68773904168,4320.0,79000945,1.424,79000945.0,147.60548714323608,5-6
548,548,3685,0,8730.819547126208,11241.360735031883,4380.0,79000945,1.424,79000945.0,147.61188514659878,5-6
549,549,3734,0,8655.664471094591,11289.033731022088,4440.0,79000945,1.424,79000833.0,147.61188514659943,5-6
550,550,3784,0,8622.029021620232,11337.781057775492,4500.0,79000833,0.944,79000833.0,124.60551153287489,5-6
551,551,3834,0,8652.684277298607,11388.19192266882,4560.0,79000833,0.944,79000833.0,58.695876504409235,5-6
552,552,3884,0,8683.339532976983,11438.60278756215,4620.0,79000833,0.944,79000833.0,58.695876504409235,5-6
553,553,3934,0,8669.344744321625,11415.589135106671,4740.0,79000833,0.944,79000833.0,-121.30412349559067,5-6
554,554,3984,0,8638.68948864325,11365.178270213342,4800.0,79000833,0.944,79000945.0,-121.30412349559077,5-6
555,555,4034,0,8614.819316222163,11314.942971053106,4860.0,79000945,1.424,79000945.0,-115.41553946605639,5-6
556,556,4084,0,8689.97439225378,11267.269975062902,4920.0,79000945,1.424,79000945.0,-32.38811485340059,5-6
557,557,4134,0,8765.129468285395,11219.596979072698,4980.0,79000945,1.424,79000945.0,-32.38811485340121,5-6
558,558,4184,0,8840.284544317012,11171.923983082492,5040.0,79000945,1.424,84900945.0,-32.388114853401575,5-6
559,559,4234,0,8915.375802812468,11124.150678205377,5100.0,84900945,1.424,66300849.0,-32.464652262938216,5-6
560,560,4284,0,8990.42463269968,11076.31075829494,5160.0,66300849,1.424,66300849.0,-32.51549711712243,5-6
561,561,4362,0,9065.673145069435,11028.78538206141,5220.0,66300849,1.424,66301286.0,-32.27564431457815,5-6
562,562,4412,0,9137.386824684583,11075.980334927714,5280.0,66301286,2.144,66301286.0,33.34901515319291,5-6
563,563,4462,0,9206.57930634493,11190.733986205933,5340.0,66301286,2.144,66301286.0,58.91147666401923,5-6
564,564,4512,0,9275.771788005271,11305.487637484151,5400.0,66301286,2.144,66301286.0,58.911476664020554,5-6
565,565,4562,0,9344.964269665614,11420.241288762372,5460.0,66301286,2.144,66301286.0,58.91147666402096,5-6
566,566,4612,0,9414.156751325958,11534.994940040591,5520.0,66301286,2.144,99101286.0,58.911476664019894,5-6
567,567,4662,0,9483.343646579782,11649.751959098276,5580.0,99101286,2.144,57100991.0,58.91426578264014,5-6
568,568,4712,0,9552.277453805884,11764.661008333518,5640.0,57100991,2.144,57100991.0,59.0405047620892,5-6
569,569,4762,0,9621.08669393429,11879.644870127038,5700.0,57100991,2.144,57101230.0,59.1026348397332,5-6
570,570,4812,0,9689.955737998927,11994.59289666488,5760.0,57101230,2.144,57101230.0,59.07282454948705,5-6
571,571,4862,0,9758.898169226217,12109.49694871036,5820.0,57101230,2.144,57101230.0,59.03624346792595,5-6
572,572,4912,0,9827.840600453505,12224.401000755845,5880.0,57101230,2.144,57101230.0,59.03624346792741,5-6
573,573,4962,0,9896.783031680794,12339.305052801325,5940.0,57101230,2.144,80201230.0,59.03624346792595,5-6
574,574,5012,0,9965.725462908082,12454.209104846805,6000.0,80201230,2.144,69600802.0,59.03624346792661,5-6
575,575,5062,0,10034.667894135371,12569.113156892285,6060.0,69600802,2.144,69600802.0,59.03624346792595,5-6
576,576,5112,0,10103.61032536266,12684.017208937768,6120.0,69600802,2.144,69600802.0,59.03624346792675,5-6
577,577,5160,0,10172.552756589948,12798.921260983248,6180.0,69600802,2.144,69600802.0,59.03624346792661,5-6
578,578,5209,0,10241.495187817236,12913.825313028728,6240.0,69600802,2.144,57000696.0,59.03624346792661,5-6
579,579,5259,0,10309.846678574522,13029.079695127231,6300.0,57000696,2.144,56900570.0,59.32998404688326,5-6
580,580,5309,0,10397.216574681106,13130.278438476083,6360.0,56900570,2.144,56900570.0,49.19432795962721,5-6
581,581,5359,0,10487.275362802917,13229.502501495248,6420.0,56900570,2.144,734407407.0,47.772156776891336,5-6
582,582,5409,0,10487.893794815982,13340.858035136323,6480.0,734407407,3.2160000000000006,734407407.0,89.68180135447975,5-6
583,583,5459,0,10336.31180743024,13472.857660515294,6540.0,734407407,3.2160000000000006,734407407.0,138.95021526259924,5-6
584,584,5509,0,10184.729820044497,13604.857285894266,6600.0,734407407,3.2160000000000006,734407407.0,138.9502152625992,5-6
585,585,5559,0,10033.147832658757,13736.856911273237,6660.0,734407407,3.2160000000000006,734407407.0,138.95021526259887,5-6
586,586,5609,0,9881.565845273011,13868.856536652209,6720.0,734407407,3.2160000000000006,734407407.0,138.9502152625995,5-6
587,587,5659,0,9729.983857887271,14000.85616203118,6780.0,734407407,3.2160000000000006,734407406.0,138.95021526259887,5-6
588,588,5709,0,9609.547511379573,14160.851735544553,6840.0,734407406,3.216,734407406.0,126.97053170028487,5-6
589,589,5759,0,9494.39443049863,14325.59628921364,6900.0,734407406,3.216,734407406.0,124.95276307588132,5-6
590,590,5808,0,9379.241349617689,14490.340842882726,6960.0,734407406,3.216,734407406.0,124.95276307588132,5-6
591,591,5858,0,9264.088268736745,14655.085396551814,7020.0,734407406,3.216,734407405.0,124.95276307588144,5-6
592,592,5908,0,9152.409266268884,14821.75945250299,7080.0,734407405,3.216,734407405.0,123.82383730855939,5-6
593,593,5957,0,9073.411415795385,15006.58461210137,7140.0,734407405,3.216,734407405.0,113.14280106729387,5-6